Residue,Angle ,Conformation ,Start Angle ,Stop Angle 
R,chi1,g+,0,120
R,chi1,t,120,-120
R,chi1,g-,-120,0
R,chi2,g+,0,120
R,chi2,t,120,-120
R,chi2,g-,-120,0
R,chi3,g+,0,120
R,chi3,t,120,-120
R,chi3,g-,-120,0
R,chi4,g+,0,120
R,chi4,t,120,-120
R,chi4,g-,-120,0
N,chi1,g+,0,120
N,chi1,t,120,-120
N,chi1,g-,-120,0
N,chi2,p+,0,180
N,chi2,p-,-180,0
D,chi1,g+,0,120
D,chi1,t,120,-120
D,chi1,g-,-120,0
D,chi2,p+,0,180
D,chi2,p-,-180,0
C,chi1,g+,0,120
C,chi1,t,120,-120
C,chi1,g-,-120,0
Q,chi1,g+,0,120
Q,chi1,t,120,-120
Q,chi1,g-,-120,0
Q,chi2,g+,0,120
Q,chi2,t,120,-120
Q,chi2,g-,-120,0
Q,chi3,p+,0,180
Q,chi3,p-,-180,0
E,chi1,g+,0,120
E,chi1,t,120,-120
E,chi1,g-,-120,0
E,chi2,g+,0,120
E,chi2,t,120,-120
E,chi2,g-,-120,0
E,chi3,p+,0,180
E,chi3,p-,-180,0
H,chi1,g+,0,120
H,chi1,t,120,-120
H,chi1,g-,-120,0
H,chi2,p+,0,180
H,chi2,p-,-180,0
I,chi1,g+,0,120
I,chi1,t,120,-120
I,chi1,g-,-120,0
I,chi21,g+,0,120
I,chi21,t,120,-120
I,chi21,g-,-120,0
L,chi1,g+,0,120
L,chi1,t,120,-120
L,chi1,g-,-120,0
L,chi2,g+,0,120
L,chi2,t,120,-120
L,chi2,g-,-120,0
K,chi1,g+,0,120
K,chi1,t,120,-120
K,chi1,g-,-120,0
K,chi2,g+,0,120
K,chi2,t,120,-120
K,chi2,g-,-120,0
K,chi3,g+,0,120
K,chi3,t,120,-120
K,chi3,g-,-120,0
K,chi4,g+,0,120
K,chi4,t,120,-120
K,chi4,g-,-120,0
M,chi1,g+,0,120
M,chi1,t,120,-120
M,chi1,g-,-120,0
M,chi2,g+,0,120
M,chi2,t,120,-120
M,chi2,g-,-120,0
M,chi3,g+,0,120
M,chi3,t,120,-120
M,chi3,g-,-120,0
F,chi1,g+,0,120
F,chi1,t,120,-120
F,chi1,g-,-120,0
F,chi2,p+,0,180
F,chi2,p-,-180,0
P,chi1,d,0,180
P,chi1,u,180,0
P,chi2,d,-180,0
P,chi2,u,0,180
S,chi1,g+,0,120
S,chi1,t,120,-120
S,chi1,g-,-120,0
T,chi1,g+,0,120
T,chi1,t,120,-120
T,chi1,g-,-120,0
W,chi1,g+,0,120
W,chi1,t,120,-120
W,chi1,g-,-120,0
W,chi2,p+,45,180
W,chi2,p-,-180,-45
W,chi2,pa,-45,45
Y,chi1,g+,0,120
Y,chi1,t,120,-120
Y,chi1,g-,-120,0
Y,chi2,p+,0,180
Y,chi2,p-,-180,0
V,chi1,g+,0,120
V,chi1,t,120,-120
V,chi1,g-,-120,0
